{"cameraMode":{"drawMode":0,"name":"Shaded","section":"Shading Mode"},"sceneLighting":true,"audioPlay":false,"sceneViewState":{"m_AlwaysRefresh":false,"showFog":true,"showSkybox":true,"showFlares":true,"showImageEffects":true,"showParticleSystems":true,"showVisualEffectGraphs":true,"m_FxEnabled":true},"in2DMode":false,"pivot":{"x":0.6959953308105469,"y":16.001976013183595,"z":-65.85552215576172},"rotation":{"x":0.047982990741729739,"y":0.8485170602798462,"z":-0.07812172919511795,"w":0.5211659073829651},"size":12.12435531616211,"orthographic":false}